n001,Share
n002,Share
n003,Share
n004,Share
n005,Share
n006,Share
n007,Share
n008,Share
n009,Share
n010,Share
n011,Share
n012,Share
n013,Share
n014,Share
n015,Share
n016,Share
n017,Share
n018,Share
n019,Share
n020,Share
n021,Share
n022,Share
n023,Share
n024,Share
n025,Share
n026,Share
n027,Share
n028,Share
n029,Share
n030,Share
n031,Share
n032,Share
n033,Share
n034,Share
n035,Share
n036,Share
n037,Share
n038,Share
n039,Share
n040,Share
n041,Share
n042,Share
n043,Share
n044,Share
n045,Share
n046,Share
n047,Share
n048,Share
n049,Share
n050,Share
n051,Share
n052,Share
n053,Share
n054,Share
n055,Share
n056,Share
n057,Share
n058,Share
n059,Share
n060,Share
n061,Share
n062,Share
n063,Share
n064,Share
n065,Share
n066,Share
n067,Share
n068,Share
n069,Share
n070,Share
n071,Share
n072,Share
n073,Share
n074,Share
n075,Share
n076,Share
n077,Share
n078,Share
n079,Share
n080,Share
n081,Share
n082,Share
n083,Share
n084,Share
n085,Share
n086,Share
n087,Share
n088,Share
n089,Share
n090,Share
n091,Share
n092,Share
n093,Share
n094,Share
n095,Share
n096,Share
n097,Share
n098,Share
n099,Share
n100,Share
n101,Share
n102,Share
n103,Share
n104,Share
n105,Share
n106,Share
n107,Share
n108,Share
n109,Share
n110,Share
n111,Share
n112,Share
n113,Share
n114,Share
n115,Share
n116,Share
n117,Share
n118,Share
n119,Share
n120,Share
n121,Share
n122,Share
n123,Share
n124,Share
n125,Share
n126,Share

